Workbook

Sheet Historial
A1: ID - Reserva | B1: Nombre de Cliente | C1: Telefono # | D1: Fecha | E1: Hora | F1: # de Mesa | G1: Personas | H1: Estado
A2: 6 | B2: YORKY MAYOR HERNANDEZ | C2: 56787665 | D2: 46055 | E2: 18:00 | F2: 3 | G2: 4 | H2: Completada
A3: 3 | B3: AMANDA GONZALES | C3: 56787643 | D3: 46056 | E3: 17:00 | F3: 3 | G3: 4 | H3: Completada
A4: 7 | B4: GABRIEL NARANJO | C4: 56478678 | D4: 46058 | E4: 17:00 | F4: 3 | G4: 4 | H4: Completada
A5: 5 | B5: LAURA NIEVES GALVAN | C5: 58532797 | D5: 46067 | E5: 20:00 | F5: 1 | G5: 2 | H5: Completada
A6: 8 | B6: Jesus Martinez | C6: 59897632 | D6: 46067 | E6: 18:00 | F6: 6 | G6: 5 | H6: Completada
A7: 1 | B7: Luis Noel Diaz | C7: 56615268 | D7: 46075 | E7: 18:00 | F7: 3 | G7: 4 | H7: Cancelada
A8: 2 | B8: Sunilda Galvan Moreno | C8: 54603084 | D8: 46081 | E8: 18:00 | F8: 3 | G8: 3 | H8: Pendiente
A9: 16 | B9: Yoshio Arada Leon | C9: 56405717 | D9: 46084 | E9: 18:00 | F9: 6 | G9: 6 | H9: Pendiente
A10: 13 | B10: Ernesto Santana | C10: 54677899 | D10: 46085 | E10: 17:00 | F10: 8 | G10: 8 | H10: Pendiente
A11: 22 | B11: Emilio Hernandez | C11: 54575891 | D11: 46086 | E11: 08:00 | F11: 3 | G11: 4 | H11: Pendiente
A12: 21 | B12: Mario Paredes | C12: 56900971 | D12: 46086 | E12: 08:00 | F12: 3 | G12: 4 | H12: Pendiente
A13: 20 | B13: Mario Portilla | C13: 56899090 | D13: 46086 | E13: 08:00 | F13: 3 | G13: 4 | H13: Pendiente
... A21: 15 | B21: Cesar Paredes Cruz | C21: 56892981 | D21: 46179 | E21: 20:00 | F21: 6 | G21: 5 | H21: Pendiente

Sheet Graficos

Sheet Tablas
A1: Estado | B1: Cantidad | F1: Mesas | G1: Cantidad
A2: Pendiente | B2: =COUNTIF(Historial!H:H, "Pendiente") -> 11 | F2: 1 | G2: =COUNTIF(Historial!F:F, "1") -> 2
A3: Cancelada | B3: =COUNTIF(Historial!H:H, "Cancelada") -> 4 | F3: 2 | G3: =COUNTIF(Historial!F:F, "2") -> 0
A4: Completada | B4: =COUNTIF(Historial!H:H, "Completada") -> 5 | F4: 3 | G4: =COUNTIF(Historial!F:F, "3") -> 14
F5: 4 | G5: =COUNTIF(Historial!F:F, "4") -> 0
A6: Meses | B6: Cantidad | D6: =MAX(B6:B17) -> 11 | F6: 5 | G6: =COUNTIF(Historial!F:F, "5") -> 0
A7: Enero | B7: =COUNTIFS(Historial!D:D, ">="&DATE(2026,1,1),Historial!D:D, "<="&DATE(2026,1,31)) -> 0 | F7: 6 | G7: =COUNTIF(Historial!F:F, "6") -> 3
A8: Febrero | B8: =COUNTIFS(Historial!D:D, ">="&DATE(2026,2,1),Historial!D:D, "<="&DATE(2026,2,29)) -> 7 | F8: 7 | G8: =COUNTIF(Historial!F:F, "7") -> 0
A9: Marzo | B9: =COUNTIFS(Historial!D:D, ">="&DATE(2026,3,1), Historial!D:D, "<="&DATE(2026,3,31)) -> 11 | F9: 8 | G9: =COUNTIF(Historial!F:F, "8") -> 1
A10: Abril | B10: =COUNTIFS(Historial!D:D, ">="&DATE(2026,4,1),Historial!D:D, "<="&DATE(2026,4,30)) -> 1 | F10: 9 | G10: =COUNTIF(Historial!F:F, "9") -> 0
A11: Mayo | B11: =COUNTIFS(Historial!D:D, ">="&DATE(2026,5,1),Historial!D:D, "<="&DATE(2026,5,31)) -> 0 | F11: 10 | G11: =COUNTIF(Historial!F:F, "10") -> 0
A12: Junio | B12: =COUNTIFS(Historial!D:D, ">="&DATE(2026,6,1),Historial!D:D, "<="&DATE(2026,6,30)) -> 1
A13: Julio | B13: =COUNTIFS(Historial!D:D, ">="&DATE(2026,7,1),Historial!D:D, "<="&DATE(2026,7,31)) -> 0
A14: Agosto | B14: =COUNTIFS(Historial!D:D, ">="&DATE(2026,8,1),Historial!D:D, "<="&DATE(2026,8,31)) -> 0
A15: Septiembre | B15: =COUNTIFS(Historial!D:D, ">="&DATE(2026,9,1),Historial!D:D, "<="&DATE(2026,9,31)) -> 0
A16: Octubre | B16: =COUNTIFS(Historial!D:D, ">="&DATE(2026,10,1),Historial!D:D, "<="&DATE(2026,10,31)) -> 0
A17: Noviembre | B17: =COUNTIFS(Historial!D:D, ">="&DATE(2026,11,1),Historial!D:D, "<="&DATE(2026,11,31)) -> 0
A18: Diciembre | B18: =COUNTIFS(Historial!D:D, ">="&DATE(2026,12,1),Historial!D:D, "<="&DATE(2026,12,31)) -> 0
